"legajo_anonimizado";"plan_estudios";"anio_ingreso";"sede"
126760;5402;2012;"SEDE LUJAN"
126761;2508;2012;"SEDE LUJAN"
126503;308;2012;"SEDE LUJAN"
126506;1002;2012;"SEDE LUJAN"
126509;5401;2012;"C.R. CAMPANA"
126510;309;2012;"C.R. CAMPANA"
126511;5801;2012;"SEDE LUJAN"
126512;309;2012;"SEDE LUJAN"
126514;109;2012;"SEDE LUJAN"
126515;109;2012;"SEDE LUJAN"
126516;804;2012;"SEDE LUJAN"
126517;309;2012;"C.R. CAMPANA"
126519;804;2012;"SEDE LUJAN"
126520;605;2012;"SEDE LUJAN"
126521;509;2012;"C.R. SAN MIGUEL"
126522;2704;2012;"SEDE LUJAN"
126523;1603;2012;"SEDE LUJAN"
126524;5401;2012;"C.R. SAN MIGUEL"
126525;5401;2012;"SEDE LUJAN"
126526;1713;2012;"SEDE LUJAN"
126527;2903;2012;"SEDE LUJAN"
126528;3301;2012;"C.R. SAN MIGUEL"
126529;309;2012;"C.R. SAN MIGUEL"
126531;3301;2012;"C.R. SAN MIGUEL"
126533;1603;2012;"SEDE LUJAN"
126535;2508;2012;"SEDE LUJAN"
126536;3301;2012;"C.R. SAN MIGUEL"
126537;309;2012;"C.R. CAMPANA"
126538;309;2012;"C.R. CAMPANA"
126539;309;2012;"C.R. CAMPANA"
126540;403;2012;"SEDE LUJAN"
126541;509;2012;"C.R. SAN MIGUEL"
126542;309;2012;"C.R. CAMPANA"
126543;309;2012;"C.R. CAMPANA"
126544;309;2012;"C.R. SAN MIGUEL"
126545;804;2012;"SEDE LUJAN"
126546;605;2012;"C.R. SAN MIGUEL"
126548;605;2012;"SEDE LUJAN"
126549;309;2012;"C.R. SAN MIGUEL"
126551;1603;2012;"C.R. SAN MIGUEL"
126553;2903;2012;"SEDE LUJAN"
126554;309;2012;"C.R. SAN MIGUEL"
126555;308;2012;"C.R. SAN MIGUEL"
126556;309;2012;"SEDE LUJAN"
126557;309;2012;"C.R. CHIVILCOY"
126558;404;2012;"C.R. SAN MIGUEL"
126559;509;2012;"SEDE LUJAN"
126560;4801;2012;"SEDE LUJAN"
126561;3301;2012;"C.R. SAN MIGUEL"
126562;4102;2012;"SEDE LUJAN"
