"legajo_anonimizado";"plan_estudios";"anio_ingreso";"sede"
121299;2704;2011;"C.R. CAMPANA"
121312;1713;2011;"SEDE LUJAN"
121313;2704;2011;"SEDE LUJAN"
121314;308;2011;"SEDE LUJAN"
121317;308;2011;"SEDE LUJAN"
121318;509;2011;"SEDE LUJAN"
121319;3301;2011;"C.R. SAN MIGUEL"
121320;308;2011;"SEDE LUJAN"
121321;4102;2011;"SEDE LUJAN"
121322;509;2011;"C.R. CAMPANA"
121323;509;2011;"C.R. CAMPANA"
121324;208;2011;"SEDE LUJAN"
121325;208;2011;"SEDE LUJAN"
121326;308;2011;"SEDE LUJAN"
121327;2704;2011;"C.R. CAMPANA"
121328;605;2011;"SEDE LUJAN"
121329;5101;2011;"SEDE LUJAN"
121330;403;2011;"SEDE LUJAN"
121331;404;2011;"SEDE LUJAN"
121332;1711;2011;"SEDE LUJAN"
121333;2508;2011;"SEDE LUJAN"
121334;308;2011;"C.R. CAMPANA"
121336;308;2011;"C.R. SAN MIGUEL"
121337;5401;2011;"C.R. SAN MIGUEL"
121338;309;2011;"C.R. SAN MIGUEL"
121339;509;2011;"C.R. SAN MIGUEL"
121340;309;2011;"C.R. CAMPANA"
121354;2508;2011;"SEDE LUJAN"
121355;1803;2011;"SEDE LUJAN"
121356;509;2011;"SEDE LUJAN"
121357;308;2011;"C.R. SAN MIGUEL"
121358;5401;2011;"C.R. SAN MIGUEL"
121359;309;2011;"C.R. SAN MIGUEL"
121360;309;2011;"C.R. CAMPANA"
121362;309;2011;"C.R. SAN MIGUEL"
121363;509;2011;"C.R. SAN MIGUEL"
121364;308;2011;"C.R. CAMPANA"
121365;509;2011;"C.R. SAN MIGUEL"
121366;5401;2011;"C.R. SAN MIGUEL"
121367;1804;2011;"SEDE LUJAN"
121368;1002;2011;"SEDE LUJAN"
121369;309;2011;"C.R. CAMPANA"
121370;309;2011;"C.R. CHIVILCOY"
121371;208;2011;"SEDE LUJAN"
121372;509;2011;"SEDE LUJAN"
121373;309;2011;"C.R. CHIVILCOY"
121374;308;2011;"C.R. SAN MIGUEL"
121375;308;2011;"C.R. SAN MIGUEL"
121376;308;2011;"SEDE LUJAN"
121377;1002;2011;"SEDE LUJAN"
